ds,y,promo,weather,is_holiday
2015-01-01,107.82914682059192,0,2.862005290479607,0
2015-02-01,152.91065129477045,20,14.944554810683972,0
2015-03-01,152.52982682790446,0,12.044573322845544,0
2015-04-01,158.053424712955,0,2.276907661479804,0
2015-05-01,120.05545666803596,0,-15.308856700379293,0
2015-06-01,110.7014910325132,0,-13.700836876986603,0
2015-07-01,125.42847448637652,0,-1.4560906434873142,0
2015-08-01,136.3515272370429,20,13.236003474925544,0
2015-09-01,99.7186397313688,0,19.934356756787118,0
2015-10-01,81.46246032026929,0,-5.601795577775238,0
2015-11-01,97.61072841176018,0,-10.93160048564304,1
2015-12-01,105.35030824774338,0,-17.828528670335544,1
2016-01-01,123.18870106787186,0,-1.4157955973683076,0
2016-02-01,138.65804384646884,0,16.25723284766868,0
2016-03-01,152.12728486255446,0,13.183221114052976,0
2016-04-01,153.87498281077717,0,-3.2332343337878826,0
2016-05-01,134.6261176773378,0,-15.13629218454647,0
2016-06-01,141.11945694456165,0,-10.951587809962549,0
2016-07-01,122.00597027400622,0,-2.1910998951514213,0
2016-08-01,117.14277023232766,0,13.63975682551249,0
2016-09-01,154.4474850492046,20,13.127096576478015,0
2016-10-01,99.6109653640819,0,-1.9548010428174385,0
2016-11-01,129.4781130331963,0,-6.558548788790587,1
2016-12-01,124.68490255141415,0,-11.08862398981257,1
2017-01-01,152.85049289393498,20,-6.075427759972837,0
2017-02-01,198.3774572931316,20,13.549744001074872,0
2017-03-01,177.87320191145002,0,11.005021662461417,0
2017-04-01,191.23024657440004,0,2.557300004388688,0
2017-05-01,180.7012648435556,20,-15.367943272064664,0
2017-06-01,154.8619174990512,0,-13.334590381167276,0
2017-07-01,150.96008058859698,0,1.5149618369412996,0
2017-08-01,173.92135285411425,0,15.587646639276926,0
2017-09-01,138.10329432131084,0,9.389491835599278,0
2017-10-01,134.42779036426265,20,-1.003503707522878,0
2017-11-01,171.35648585546994,20,-14.415216990249457,1
2017-12-01,145.04707709874322,0,-14.950368754487718,1
2018-01-01,173.93962051963027,0,5.296362720843269,0
2018-02-01,180.51198629538945,0,14.205326189649426,0
2018-03-01,216.48885867756863,20,9.207729193761471,0
2018-04-01,231.8230385359901,20,2.7535858411644054,0
2018-05-01,225.02122229861357,20,-6.623912465728686,0
2018-06-01,205.1190168645177,20,-9.892985275113196,0
2018-07-01,171.93246610178497,0,-4.558109897862066,0
2018-08-01,170.5224402016027,0,11.537678838167803,0
2018-09-01,153.03954328332293,0,16.79111450432648,0
2018-10-01,158.8718268301209,20,-2.123008396856368,0
2018-11-01,163.46581719234158,0,-11.658922772327845,1
2018-12-01,194.29549966823163,0,-10.666478896478576,1
2019-01-01,189.39488727926965,0,-2.7807914147342783,0
2019-02-01,203.2696387290714,0,12.811804988581155,0
2019-03-01,229.2552826528786,0,3.266579036559341,0
2019-04-01,222.36172855754836,0,-3.0731629240027853,0
2019-05-01,205.9280373999623,0,-13.748085510946062,0
2019-06-01,204.8662255630585,0,-16.733730602661137,0
2019-07-01,215.03916190986368,0,4.897233911794873,0
2019-08-01,202.19343038295423,0,8.69995692288471,0
2019-09-01,196.49659499669983,20,11.670247596675662,0
2019-10-01,167.67824923385044,0,0.3922217318583622,0
2019-11-01,196.5620747483146,0,-8.666561189568231,1
2019-12-01,229.03311401301949,20,-17.297967510304908,1
2020-01-01,209.6221186259108,0,3.489491256464736,0
2020-02-01,261.43759971688456,20,13.021080239825311,0
2020-03-01,243.9152432355136,0,10.045855103622763,0
2020-04-01,240.89483241727723,0,1.3863104227897975,0
2020-05-01,244.36227311744372,0,-12.393201970046114,0
2020-06-01,236.439435824356,0,-14.791031688242974,0
2020-07-01,221.50611176185575,0,0.2094062549701229,0
2020-08-01,228.23531546358896,0,11.83444026618127,0
2020-09-01,232.35068992482695,20,13.33093309252031,0
2020-10-01,188.09821968759604,0,1.9863920235632355,0
2020-11-01,239.48250102018065,20,-8.232330608330521,1
2020-12-01,237.43704231309331,0,-16.703827553247088,1
2021-01-01,259.15008343034816,20,6.399100123968756,0
2021-02-01,275.23853740961624,0,7.134117658198989,0
2021-03-01,253.45518655229336,0,12.535025771659871,0
2021-04-01,283.6394388480799,0,1.7649516194537225,0
2021-05-01,259.538156041948,0,-12.147405453561424,0
2021-06-01,262.00438805558366,20,-14.858479616228376,0
2021-07-01,244.4949216865521,0,-0.6243667510719799,0
2021-08-01,220.1861092748484,0,11.511378252790047,0
2021-09-01,226.613838438969,0,11.222286785933935,0
2021-10-01,220.8678311658445,0,2.548806291063177,0
2021-11-01,269.1453553715505,20,-11.919334598871323,1
2021-12-01,260.6935661259756,20,-15.069109842548505,1
2022-01-01,269.90798124442665,20,2.6987996262997007,0
2022-02-01,283.53756632640824,0,13.912279619396426,0
2022-03-01,313.885474361415,0,15.428967413283504,0
2022-04-01,321.0167337568217,20,1.8888865257710497,0
2022-05-01,272.2249966355044,0,-15.477366089532737,0
2022-06-01,292.4995652798265,20,-14.670924177357506,0
2022-07-01,289.5992109306989,20,2.241880815369837,0
2022-08-01,295.24323587604306,20,14.821491853066938,0
2022-09-01,245.68028981709088,0,12.927676274874235,0
2022-10-01,234.00813379319248,0,0.3519821499264562,0
2022-11-01,275.3921555718638,20,-9.157386369401294,1
2022-12-01,253.7300073962452,0,-14.765095223274038,1
2023-01-01,282.0814865107944,0,1.641292143510055,0
2023-02-01,311.8220869137005,0,12.383803099464805,0
2023-03-01,343.8758317342002,20,12.337337447084968,0
2023-04-01,318.97566930624373,0,3.296330555961578,0
2023-05-01,290.51699928198053,0,-10.51413200980253,0
2023-06-01,289.46638369921203,0,-10.549852148764684,0
2023-07-01,289.06071982762387,0,3.916436421462818,0
2023-08-01,297.9507879566756,20,13.053392581664816,0
2023-09-01,275.3814012845612,0,15.036239970651469,0
2023-10-01,262.22735535718846,0,-0.9308002697804636,0
2023-11-01,317.4994744349705,20,-12.01788199930124,1
2023-12-01,313.68009395886867,20,-13.38081021986971,1
2024-01-01,302.5303573484242,0,0.2909878949780884,0
2024-02-01,353.0439980174323,20,14.775852133077224,0
2024-03-01,325.0202405243463,0,10.535719007066106,0
2024-04-01,346.2221071061777,0,6.277161827056395,0
2024-05-01,341.96358156001185,20,-16.008433201265618,0
2024-06-01,354.4070372549332,20,-16.632946895129802,0
2024-07-01,332.30702549369744,20,3.474332620500028,0
2024-08-01,333.48588457879816,20,15.36536913865545,0
2024-09-01,298.65851519102023,0,14.862740507923045,0
2024-10-01,271.500777160001,0,1.8850365277929648,0
2024-11-01,331.2414781415892,20,-13.027121375307305,1
2024-12-01,319.33718615564345,0,-15.682144171224154,1
